{
  "mu": 0.6014840800112136,
  "sigma": 0.3710953441663122,
  "lambda": 201.70706090180857,
  "mu_J": -0.0005223072962038576,
  "sigma_J": 0.02
}