{
  "mu": 0.20848703682069514,
  "sigma": 0.6486454742775233,
  "lambda": 206.87943087924958,
  "mu_J": -0.00036083114464944145,
  "sigma_J": 0.03238371711065948
}