{
  "mu": 0.8614982597878823,
  "sigma": 0.3237989744131251,
  "lambda": 9234.657988855874,
  "mu_J": -0.00010760119446538875,
  "sigma_J": 0.005754582588244218
}