{
  "mu": 0.6637227690218428,
  "sigma": 0.4525756623295332,
  "lambda": 499.99999999999983,
  "mu_J": -0.0006330536314250296,
  "sigma_J": 0.02
}