{
  "mu": 0.6000853740644803,
  "sigma": 0.4525756623295332,
  "lambda": 216.03328574939192,
  "mu_J": -0.0007242547989934567,
  "sigma_J": 0.02244283678275402
}