{
  "mu": 0.5508834141620235,
  "sigma": 0.4525756623295332,
  "lambda": 106.9799706896452,
  "mu_J": -0.000778606316366231,
  "sigma_J": 0.022756802232277853
}