{
  "mu": 0.3168724561754977,
  "sigma": 0.834194506799036,
  "lambda": 159.22005536126895,
  "mu_J": 0.0,
  "sigma_J": 0.04254397238418357
}