{
  "pairs": [
    {
      "source": "ETH",
      "target": "BTC",
      "w_jd_effective": 2.2469693705464917,
      "w_jd_semantic": 1.438806378252854,
      "w_jd_p90": 2.2469693705464917,
      "w_jd_mean": 1.025934885885677,
      "w_crit": 23.794809633954113,
      "w_jd_over_w_crit": 0.09443107152791529,
      "rho": 0.7683977499186504,
      "delta_wpt_p90": 0.04088222829877465,
      "delta_wpt_mean": 0.01615749608641708,
      "delta_wpt_ks": 0.12121212121212122,
      "delta_wpt_ks_pvalue": 0.9725172787255439,
      "s_transfer": 0.5699024977396514,
      "decision": "full",
      "decision_reason": "rho=0.768, dwpt=0.0409, S=0.570",
      "time_change": {
        "lam_a_mean": 141.2757397127362,
        "lam_b_mean": 141.43277897080893,
        "delta_lam_ratio": 0.0011115797970120997,
        "needs_time_change": false,
        "condition_29_satisfied": true
      },
      "spectral": {
        "lhs": 0.7580592136252917,
        "tau_crit": 0.5039441227093303,
        "passed": true
      },
      "rolling": {
        "w_jd_effective": 2.2469693705464917,
        "w_jd_p90": 2.2469693705464917,
        "w_jd_mean": 1.025934885885677,
        "n_windows": 33,
        "w_jd_per_window": [
          1.4388063782528537,
          0.6386216130448998,
          1.3706672741154942,
          0.956233558929476,
          2.3286477644195545,
          1.6424015439293453,
          3.376145283388657,
          0.5666236648981597,
          0.45833393424899455,
          1.1188353571002823,
          2.4245612318861167,
          0.2734392556654073,
          0.9220393231344801,
          0.5705260483434966,
          0.6483290045468506,
          0.3171966762822089,
          0.22826940639439167,
          0.9855654103657501,
          0.2873257510469814,
          0.03781874240361584,
          1.6674276738340255,
          0.9944723286376688,
          0.46997909395144183,
          0.4730667118687452,
          0.1842934368135472,
          0.27752708679879834,
          2.7890056130169385,
          0.7775709982764116,
          0.9008539441288694,
          0.5693039408691025,
          0.4138883903015601,
          1.8278189982789699,
          1.9202557950542387
        ]
      },
      "w_pt": {
        "delta_per_window": [
          0.032550578495660794,
          0.005188793017654041,
          0.015139449807229387,
          0.01867742261280467,
          0.05157935351025572,
          0.03521671167568633,
          0.03179004301923969,
          0.01391283681796887,
          0.007980733247651596,
          0.013130980822368625,
          0.04401164094269289,
          0.0033276100226268235,
          0.0011544802579859504,
          0.013438525401762708,
          0.006529050453999963,
          0.0037556229094559876,
          0.00038984880408520156,
          0.011688978104052422,
          0.004383478067827497,
          0.00017200788143863926,
          0.04019646352846176,
          0.011341767215671204,
          0.004996216205485676,
          0.006422846668176696,
          0.0051140655014164805,
          0.0011121493735398791,
          0.0268708204050297,
          0.011664092572174493,
          0.011135958455372472,
          0.007825423995759993,
          0.004737001826584433,
          0.041053669491352876,
          0.04670874974029004
        ],
        "n_windows": 33
      },
      "feature_shift": {
        "D_H": 3.0254961894028165,
        "missing_rate_a": 0.000123142477329915,
        "missing_rate_b": 0.142949128804064,
        "missing_penalty": 0.4896179275954293
      },
      "s_transfer_adjusted": 0.0371267561001133,
      "regime_diagnostics": {
        "pi_diff_l1": 0.24529246584618397,
        "js_pi": 0.012983535558949585,
        "d_P": 0.09877554859217323
      }
    },
    {
      "source": "ETH",
      "target": "SOL",
      "w_jd_effective": 4.720854453483987,
      "w_jd_semantic": 3.1400812761888823,
      "w_jd_p90": 4.720854453483987,
      "w_jd_mean": 2.4115695081391655,
      "w_crit": 23.794306848905254,
      "w_jd_over_w_crit": 0.198402688653288,
      "rho": 0.7141157927934167,
      "delta_wpt_p90": 0.08101563749986251,
      "delta_wpt_mean": 0.037669338469792,
      "delta_wpt_ks": 0.2727272727272727,
      "delta_wpt_ks_pvalue": 0.1729142542609664,
      "s_transfer": 0.3905532203954824,
      "decision": "partial",
      "decision_reason": "rho=0.714, dwpt=0.0810, S=0.391",
      "time_change": {
        "lam_a_mean": 141.2757397127362,
        "lam_b_mean": 140.9030459582235,
        "delta_lam_ratio": 0.0026450368902808954,
        "needs_time_change": false,
        "condition_29_satisfied": true
      },
      "spectral": {
        "lhs": 0.7098265548346708,
        "tau_crit": 0.5039441227093303,
        "passed": true
      },
      "rolling": {
        "w_jd_effective": 4.720854453483987,
        "w_jd_p90": 4.720854453483987,
        "w_jd_mean": 2.4115695081391655,
        "n_windows": 33,
        "w_jd_per_window": [
          3.1400812761888823,
          1.0521722211885918,
          1.5642601380790633,
          0.6100979646248367,
          3.823507506775258,
          3.6376255803496953,
          2.3281988395025817,
          0.3433043950563271,
          1.8833008185448408,
          2.080157340556073,
          6.838908060340442,
          3.137025773707833,
          5.888310148929851,
          1.3821480589177673,
          2.6295061994116153,
          0.4720103472976002,
          1.3334140517702715,
          2.0346968378493147,
          0.994904587240021,
          1.0480172291189058,
          0.46606258743127776,
          1.970411563450821,
          5.644943965598169,
          4.846672393003616,
          1.2664971653487427,
          0.7200952703625371,
          4.217582695405469,
          3.0727340375189054,
          2.4969591812937386,
          3.8190446194091767,
          2.8189660980786675,
          1.3457584488262553,
          0.6744183674153175
        ]
      },
      "w_pt": {
        "delta_per_window": [
          0.0659282324754825,
          0.006864841538696857,
          0.011974054114200466,
          0.021499598146155853,
          0.08389021815805138,
          0.08125210399285958,
          0.017820068904055877,
          0.027309867084964714,
          0.02370195237758017,
          0.02510840599085409,
          0.14386571606888554,
          0.08006977152787427,
          0.04751387226189725,
          0.03742452469423906,
          0.05288482841699593,
          0.0007611226672304677,
          0.0317153115196253,
          0.035591251291345855,
          0.022859485939422528,
          0.005164074704764222,
          0.002985360181772468,
          0.01984295602069611,
          0.049115374180405395,
          0.04592466781444855,
          0.014344247704518228,
          0.006352612801266152,
          0.032378157760276964,
          0.07746031186718562,
          0.026391290909088417,
          0.08211491776984235,
          0.02983257907858206,
          0.029024066664956272,
          0.0041223248749154605
        ],
        "n_windows": 33
      },
      "feature_shift": {
        "D_H": 0.42617297870434345,
        "missing_rate_a": 0.000123142477329915,
        "missing_rate_b": 0.002543708161230594,
        "missing_penalty": 0.9879701162329408
      },
      "s_transfer_adjusted": 0.290425212841718,
      "regime_diagnostics": {
        "pi_diff_l1": 0.24529246584618397,
        "js_pi": 0.012983535558949585,
        "d_P": 0.07783869571940999
      }
    },
    {
      "source": "ETH",
      "target": "DOGE",
      "w_jd_effective": 3.9183620498912815,
      "w_jd_semantic": 1.8911116867938234,
      "w_jd_p90": 3.9183620498912815,
      "w_jd_mean": 1.7986743927411049,
      "w_crit": 23.803317934939912,
      "w_jd_over_w_crit": 0.16461411222522124,
      "rho": 0.6624148610517572,
      "delta_wpt_p90": 0.04900184733899173,
      "delta_wpt_mean": 0.027781788246833708,