{
  "target_tft_jd": {
    "BTC": {
      "base": {
        "nll": -4.930443703876884,
        "crps": 0.001071261242032051,
        "n_samples": 8736
      },
      "scratch_w": {
        "nll": -4.840496482821431,
        "crps": 0.0014098526444286108,
        "n_samples": 8736
      },
      "finetune_w": {
        "nll": -4.88798335976826,
        "crps": 0.0010790247470140457,
        "n_samples": 8736
      },
      "nll": -4.88798335976826,
      "crps": 0.0010790247470140457
    },
    "SOL": {
      "base": {
        "nll": -4.220779387482623,
        "crps": 0.002131224609911442,
        "n_samples": 8736
      },
      "scratch_w": {
        "nll": -4.150726874253592,
        "crps": 0.002316367346793413,
        "n_samples": 8736
      },
      "finetune_w": {
        "nll": -4.210760596771158,
        "crps": 0.0021288676653057337,
        "n_samples": 8736
      },
      "nll": -4.210760596771158,
      "crps": 0.0021288676653057337
    },
    "DOGE": {
      "base": {
        "nll": -4.10688167685556,
        "crps": 0.002384510822594166,
        "n_samples": 8736
      },
      "scratch_w": {
        "nll": -4.030168148687989,
        "crps": 0.002663724822923541,
        "n_samples": 8736
      },
      "finetune_w": {
        "nll": -4.082798419865584,
        "crps": 0.0023899006191641092,
        "n_samples": 8736
      },
      "nll": -4.082798419865584,
      "crps": 0.0023899006191641092
    }
  },
  "dt": 2.8538812785388127e-05
}