{
  "pearson_r": -0.8572527561367789,
  "pearson_p": 0.34433880151110996,
  "spearman_r": -1.0,
  "spearman_p": 0.0,
  "pairs": [
    {
      "target": "BTC",
      "s_transfer": 0.5699024977396514,
      "delta_nll": -0.07226389511811782
    },
    {
      "target": "SOL",
      "s_transfer": 0.3905532203954824,
      "delta_nll": 0.03520642723664835
    },
    {
      "target": "DOGE",
      "s_transfer": 0.4397773996723549,
      "delta_nll": -0.04590919743329369
    }
  ],
  "n": 3
}