{
  "models": {
    "GBM": {
      "nll": -4.114551740591992,
      "crps": 0.0019885406363755465,
      "mu": -0.13201906011964942,
      "sigma": 0.6764947119876573
    },
    "Static-JD": {
      "nll": -4.155608240115023,
      "crps": 0.001984688686206937,
      "var_breach_rate": 0.09134615384615384,
      "var_kupiec_pvalue": 1.0,
      "pit_ks_stat": 0.0445468499031908,
      "pit_ks_pvalue": 1.6752558332555898e-15
    },
    "TFT-JD": {
      "nll": -4.3427800759012225,
      "crps": 0.001910477178171277,
      "var_breach_rate": 0.05597527472527473,
      "var_kupiec_pvalue": 1.0,
      "pit_ks_stat": 0.017097135510045658,
      "pit_ks_pvalue": 0.011965476883111037
    },
    "TFT-JD+W": {
      "nll": -4.312455619493412,
      "crps": 0.0019191252067685127,
      "var_breach_rate": 0.0673076923076923,
      "var_kupiec_pvalue": 1.0,
      "pit_ks_stat": 0.04306841985836901,
      "pit_ks_pvalue": 1.6151790541360462e-14
    }
  },
  "dt": 2.8538812785388127e-05,
  "n_train": 96288,
  "n_test": 8736
}