{
  "version": "stage7_unified",
  "source": "stage5_transfer_report",
  "pairs": [
    {
      "target": "BTC",
      "s_transfer": 0.5699024977396514,
      "w_jd_effective": 2.2469693705464917,
      "w_crit": 23.794809633954113,
      "rho": 0.7683977499186504,
      "delta_wpt_p90": 0.04088222829877465,
      "decision": "full",
      "theorem_51": {
        "statistical_compat": true,
        "structural_align": true,
        "behavioral_consist": true,
        "all_satisfied": true
      },
      "scratch_nll": -4.787601404053964,
      "transweave_nll": -4.859865299172082,
      "direct_nll": -4.746273862447115
    },
    {
      "target": "SOL",
      "s_transfer": 0.3905532203954824,
      "w_jd_effective": 4.720854453483987,
      "w_crit": 23.794306848905254,
      "rho": 0.7141157927934167,
      "delta_wpt_p90": 0.08101563749986251,
      "decision": "partial",
      "theorem_51": {
        "statistical_compat": true,
        "structural_align": true,
        "behavioral_consist": true,
        "all_satisfied": true
      },
      "scratch_nll": -4.176997001042757,
      "transweave_nll": -4.141790573806109,
      "direct_nll": -4.040919893418859
    },
    {
      "target": "DOGE",
      "s_transfer": 0.4397773996723549,
      "w_jd_effective": 3.9183620498912815,
      "w_crit": 23.803317934939912,
      "rho": 0.6624148610517572,
      "delta_wpt_p90": 0.04900184733899173,
      "decision": "partial",
      "theorem_51": {
        "statistical_compat": true,
        "structural_align": true,
        "behavioral_consist": true,
        "all_satisfied": true
      },
      "scratch_nll": -4.03817914170343,
      "transweave_nll": -4.0840883391367235,
      "direct_nll": -3.8498319920912523
    }
  ],
  "theorem_51": {}
}